"increment","season","conc"
1,1,51.3188337023539
1,1,48.1547496576462
1,1,44.1385772982105
1,1,40.8541227426977
1,1,39.675801416137
1,1,35.7030637074015
1,1,51.5872850937402
1,1,49.7321479311605
1,1,46.0439808639013
1,1,44.2053146215069
1,1,39.727547250327
1,1,37.6728200835234
1,1,52.1838243020407
1,1,50.4557611148807
1,1,47.6487701476191
1,1,42.3535490764414
1,1,39.7171036162066
1,1,36.4692497182004
1,1,53.0777514124198
1,1,47.942257791425
1,1,46.4150597610237
1,1,43.0547726522423
1,1,40.9502806647324
1,1,37.2154723060433
1,1,49.6694800138978
1,1,47.6607312195389
1,1,46.4018007479362
1,1,41.9730692764399
1,1,37.9880752781812
1,1,34.8890064671832
1,1,53.0254135648268
1,1,47.8878050904224
1,1,44.9939252194692
1,1,41.3093426151618
1,1,38.6622629913575
1,1,37.0058937932673
1,1,50.9980448935668
1,1,48.6261175852518
1,1,45.2104043989145
1,1,42.2531226892409
1,1,38.933168935222
1,1,35.8051384123714
1,1,50.3545851325133
1,1,49.1360915500829
1,1,46.958537464735
1,1,44.3258424361083
1,1,40.3019713311893
1,1,35.6402179887737
1,1,53.6108171133589
1,1,48.1308694022449
1,1,44.986474848858
1,1,41.9074711643816
1,1,39.757707203211
1,1,35.2821368661054
1,1,51.7068701261471
1,1,48.183532683189
1,1,46.7042845019687
1,1,43.8360631839652
1,1,38.6029054980815
1,1,35.6550003177892
1,1,50.7821553563904
1,1,48.703227552805
1,1,45.233251769878
1,1,42.9988667743543
1,1,37.9569415395012
1,1,37.334447685865
1,1,50.7381999295327
1,1,48.1351224631952
1,1,45.769901902433
1,1,41.3570482344549
1,1,40.1415386088451
1,1,35.9954788249099
1,1,51.2906504961113
1,1,46.804421396156
1,1,46.0812537917156
1,1,43.0835769004715
1,1,41.1157045458403
1,1,36.6884685383027
1,1,51.9201332338211
1,1,47.7321705896117
1,1,45.8184777570801
1,1,41.3601403304035
1,1,40.7604700462374
1,1,35.0442921986307
1,1,51.3707143948244
1,1,48.9513436244643
1,1,45.3708929120921
1,1,41.4687086176784
1,1,38.7863724582577
1,1,36.7191629914512
1,1,51.0345824799209
1,1,48.4157991144005
1,1,45.1647073892185
1,1,40.5981132870437
1,1,39.3389774974633
1,1,37.2493013836225
1,1,52.4209013136565
1,1,47.6643751925272
1,1,45.0016320993656
1,1,43.2429239933882
1,1,40.4807502980815
1,1,36.4989148498993
1,1,51.9184706145274
1,1,48.8656013264173
1,1,44.0574798525651
1,1,43.7758191945645
1,1,41.6519480511454
1,1,36.6906361843978
1,1,52.8971580320551
1,1,50.4433717419685
1,1,45.2184614702692
1,1,42.0450358871822
1,1,39.5849883253829
1,1,38.3221240687859
1,1,51.1958655671353
1,1,49.241929022682
1,1,44.900542281716
1,1,44.5535590912915
1,1,40.3549170620466
1,1,36.4146801733736
1,1,51.836375497697
1,1,49.0756040959136
1,1,44.9904595312834
1,1,44.3326677623097
1,1,37.9120272384621
1,1,37.941229598501
1,1,51.0494648025477
1,1,46.1474803209808
1,1,45.2302507789177
1,1,41.5395553652833
1,1,39.7943366110573
1,1,37.2570283921788
1,1,50.9963212272685
1,1,47.6911011550664
1,1,45.353924165014
1,1,42.3933707469699
1,1,40.4559908511599
1,1,36.6658152134033
1,1,49.5102345329491
1,1,48.3074508282979
1,1,45.4793194064637
1,1,43.3198621988823
1,1,40.8187057000421
1,1,36.237275827254
1,1,51.78130529636
1,1,48.7635251164537
1,1,45.8145119728913
1,1,41.6538706265203
1,1,39.1295447932779
1,1,35.9856263221818
1,1,49.6055673370508
1,1,47.6737945319003
1,1,46.089621172629
1,1,42.665376563612
1,1,39.5381126487742
1,1,35.8936699321281
1,1,51.5547737466902
1,1,49.0116310329156
1,1,46.5243240014658
1,1,41.627706831709
1,1,40.0998897756338
1,1,38.1694355465559
1,1,52.4585227259036
1,1,49.6582147633137
1,1,45.3215907198829
1,1,42.7689478501819
1,1,38.6445448023697
1,1,35.6892156381694
1,1,50.8280794206295
1,1,51.0647248536742
1,1,44.6715549808217
1,1,43.367991638835
1,1,38.2778980205334
1,1,35.4989277843917
1,1,51.1519089731434
1,1,47.5697203820897
1,1,44.0898446118268
1,1,43.8503678548371
1,1,39.9748703761797
1,1,37.7516588628983
1,1,51.3084936452801
1,1,48.162956183869
1,1,44.8236860665354
1,1,41.8340008146986
1,1,41.4740731970259
1,1,36.7804155097387
1,1,50.9955389848059
1,1,48.3649562838202
1,1,45.5987563501048
1,1,42.7936039579333
1,1,40.5411515825391
1,1,36.6756432432598
1,1,51.7771978718134
1,1,49.2227753358178
1,1,46.9553959023924
1,1,41.9002284648016
1,1,40.7321434047689
1,1,35.3894798506308
1,1,53.0764159942106
1,1,48.6923860924378
1,1,45.5968719585144
1,1,43.3181946972604
1,1,40.6475664334999
1,1,36.662554188876
1,1,51.0013767226145
1,1,47.8591837628572
1,1,45.0927493273005
1,1,43.0015135107441
1,1,40.8985341131838
1,1,36.2389792031097
1,1,51.3398386076881
1,1,49.4250768998686
1,1,44.7216731788796
1,1,43.0825015766594
1,1,40.0058777427507
1,1,37.0117303243375
1,1,51.0379656096227
1,1,46.7222050700832
1,1,45.0637158260141
1,1,42.2201443005571
1,1,39.6793525542113
1,1,37.0903367536391
1,1,52.5648237619619
1,1,48.6691097699559
1,1,42.949354666097
1,1,43.2070032484165
1,1,38.3628259659004
1,1,35.7296848921799
1,1,50.5642188215018
1,1,48.5881295904508
1,1,42.5215113108122
1,1,42.7341160690485
1,1,39.4711022516146
1,1,36.4258754443631
1,1,52.0724223648892
1,1,47.7852241105698
1,1,47.1032013091617
1,1,42.6187492207143
1,1,39.9796301518365
1,1,36.2186057102672
1,1,53.4602768924162
1,1,47.5152473822576
1,1,46.3120160127369
1,1,43.2365159206005
1,1,39.2585086707279
1,1,36.4832714855042
1,1,53.1434900800643
1,1,48.929123848724
1,1,45.5575760999711
1,1,42.9794285915007
1,1,37.8737208566147
1,1,36.3863724087942
1,1,52.8059100010112
1,1,48.3711537943667
1,1,44.2468456459659
1,1,43.5142749854898
1,1,37.2140170807913
1,1,36.1786235980665
1,1,51.043170536937
1,1,47.810138940725
1,1,44.9361485226748
1,1,43.7748074832023
1,1,38.8277645644186
1,1,37.7116146001678
1,1,50.177577833983
1,1,48.2881334230578
1,1,45.8831301241951
1,1,43.1509565871436
1,1,39.8249171158326
1,1,36.4811698086897
1,1,51.0747949474097
1,1,49.3208735732435
1,1,45.9721516629646
1,1,42.9158619792616
1,1,40.4448383448435
1,1,38.1079301038533
1,1,52.2322259408813
1,1,49.6399559660719
1,1,45.7059638047505
1,1,40.6900657293101
1,1,39.787810558572
1,1,37.4502958174143
1,1,52.318439346278
1,1,48.6510404260121
1,1,44.8342302295937
1,1,43.5256550688796
1,1,39.3285980105028
1,1,35.5339320092638
1,1,50.505802961035
1,1,49.2248310295378
1,1,46.2723388254327
1,1,41.9021639255175
1,1,40.9867388933503
1,1,35.8104034957699
1,1,50.4182624833932
1,1,47.8284908577945
1,1,44.7714045482509
1,1,41.0121432468866
1,1,39.1742584347072
1,1,37.4504231230493
1,1,50.9429795154938
1,1,46.4844211796006
1,1,45.6826145621073
1,1,41.8292766538998
1,1,40.0470639430546
1,1,37.47322605913
1,1,51.3749842197827
1,1,46.869019986712
1,1,44.95770177771
1,1,41.4930986709375
1,1,38.6732383887703
1,1,34.3867721972121
1,1,51.4466654113729
1,1,47.11253355539
1,1,45.7036791305851
1,1,42.1380419526605
1,1,38.3928119896066
1,1,36.9687530117264
1,1,51.0704775251418
1,1,47.519465147372
1,1,44.8459862650985
1,1,41.6257504191088
1,1,37.2412846410414
1,1,37.2981501570404
1,1,52.8401212852979
1,1,49.1593135045968
1,1,46.49798615679
1,1,41.9586928675099
1,1,39.523646214624
1,1,35.7071960523662
1,1,52.5180308464725
1,1,47.9409784990345
1,1,44.6577378811281
1,1,42.6086568253036
1,1,40.7743421637643
1,1,35.7630258599673
1,1,49.5413102823038
1,1,49.1075598726894
1,1,44.5889736411617
1,1,42.206748029563
1,1,40.3866048046346
1,1,32.6484564416402
1,1,51.7841777157359
1,1,48.2450157403317
1,1,45.1355099773749
1,1,41.8746132134419
1,1,38.4814233821993
1,1,38.0132704533282
1,1,52.2395874382502
1,1,49.2942934087907
1,1,47.0518035522369
1,1,41.6417445520587
1,1,39.2741914967143
1,1,37.1350417203671
1,1,50.9546998730501
1,1,47.7493378621843
1,1,43.3817440650359
1,1,42.1965385288332
1,1,41.2616955811608
1,1,37.2452548077801
1,1,50.9362330821829
1,1,46.764600346964
1,1,46.1534807288221
1,1,42.1130936707568
1,1,39.0453135479563
1,1,36.0924909611665
1,1,50.0016396852118
1,1,48.4494288082577
1,1,46.3281866698461
1,1,41.456690214866
1,1,41.5994226060059
1,1,35.9036140622096
1,1,50.7260909405195
1,1,48.3415129163605
1,1,45.4927086351149
1,1,43.7474656977894
1,1,40.179092195608
1,1,36.7729070822954
1,1,52.6533092170625
1,1,47.9570485926234
1,1,46.3721530733015
1,1,42.2437534703522
1,1,39.1702181576602
1,1,35.0119494886496
1,1,51.4061682501638
1,1,47.5012863764378
1,1,44.4493576376974
1,1,44.1285869456005
1,1,38.3602470698498
1,1,35.3342491666901
1,1,51.0973994573023
1,1,48.2542214076187
1,1,43.3659080747607
1,1,43.7869403011685
1,1,38.1137352639006
1,1,35.1727081599797
1,1,51.878249259739
1,1,49.1397421536369
1,1,45.1885316741553
1,1,40.9813902560424
2,1,37.427723696607
2,1,35.8509165662909
2,1,51.0238150541538
2,1,46.7141658927412
2,1,46.3227972882608
2,1,45.1254483989996
2,1,39.5051247312173
2,1,36.403728899387
2,1,51.0294107548507
2,1,46.8801246062599
2,1,43.571939881701
2,1,41.6083643522612
2,1,38.8370454786153
2,1,36.8236328393103
2,1,49.4274961403871
2,1,47.2445069671068
2,1,45.2113155217862
2,1,42.413954660498
2,1,39.2972026712736
2,1,36.6208236208344
2,1,51.7677071092138
2,1,47.8969985990588
2,1,44.0016074524647
2,1,42.758757130458
2,1,39.9238480977177
2,1,35.1836007586996
2,1,49.9747053898812
2,1,47.7055125505065
2,1,46.7741634022282
2,1,41.0948184033017
2,1,38.3948608812337
2,1,37.3049329337991
2,1,49.8397529786203
2,1,48.4235664354348
2,1,44.691386295668
2,1,40.5128598125087
2,1,40.1009587193885
2,1,35.2289328948402
2,1,51.737889026473
2,1,49.4003185812065
2,1,43.6548704284795
2,1,41.1135420274288
2,1,39.4781639522208
2,1,36.9264704431176
2,1,50.5029695022419
2,1,46.584615091665
2,1,44.556649654432
2,1,41.4563268680207
2,1,38.7209374966348
2,1,35.8364726777587
2,1,50.6871892048911
2,1,47.7663051780662
2,1,47.0314492691699
2,1,43.9864490387553
2,1,39.4844600181956
2,1,36.200125056128
2,1,49.8694437468206
2,1,47.1413874228829
2,1,44.1563641139315
2,1,42.9865956926361
2,1,37.7154291138233
2,1,36.5485244224982
2,1,51.572495494224
2,1,46.165531425669
2,1,45.5335557594555
2,1,41.0058650488402
2,1,38.5936523327498
2,1,34.1147230620686
2,1,49.6509440949663
2,1,48.2323209308759
2,1,45.5903580145816
2,1,43.1222110304687
2,1,39.0653727439425
2,1,35.9079205432107
2,1,49.7616944798087
2,1,48.6497344355184
2,1,44.9530015754859
2,1,43.4225825590681
2,1,38.6954124514082
2,1,34.7055978094096
2,1,50.2445632408932
2,1,46.1192416848387
2,1,47.0426938290583
2,1,41.6225519425681
2,1,38.8669686068263
2,1,36.7647346790136
2,1,49.9114095573777
2,1,48.0072174954357
2,1,44.6814167220435
2,1,42.3193471828128
2,1,36.038949682665
2,1,36.9706945425429
2,1,50.5607161804564
2,1,48.1788828389532
2,1,45.1618170007213
2,1,42.3552939849522
2,1,37.4052828570383
2,1,35.1598168303637
2,1,50.5105327500463
2,1,46.990766299927
2,1,44.8480278083371
2,1,41.4602887754462
2,1,40.6902367583699
2,1,37.2967501611198
2,1,49.9346057902698
2,1,48.2667647507188
2,1,44.9825988335731
2,1,41.9666333859178
2,1,38.8109052218279
2,1,34.7327897911552
2,1,52.7197501573985
2,1,47.2009920435876
2,1,45.3017555209099
2,1,41.5549468664725
2,1,40.0304425671056
2,1,35.5875614734778
2,1,50.2579526540447
2,1,47.1310148191721
2,1,43.9498972781988
2,1,41.4074017537538
2,1,40.3937727019318
2,1,34.6473645996494
2,1,51.5323378178103
2,1,46.3553816109854
2,1,46.2562123993192
2,1,43.3698550806354
2,1,38.3301244422357
2,1,33.3651522899558
2,1,51.3208493340117
2,1,45.9136254817295
2,1,44.3542331609331
2,1,41.0781567685925
2,1,37.0757414604206
2,1,34.9297012440524
2,1,50.8248057997021
2,1,47.7941894281687
2,1,44.8259942567226
2,1,40.8391947635509
2,1,39.662410040883
2,1,35.5479789315806
2,1,51.3728443198732
2,1,48.0432776175083
2,1,43.6666856208414
2,1,41.6664671131209
2,1,38.6734466648123
2,1,33.203213961499
2,1,50.5331370008172
2,1,49.3867579041758
2,1,43.3598545953263
2,1,39.8622863313996
2,1,38.3269725007914
2,1,36.5634290956859
2,1,50.1918071108094
2,1,47.9876177388178
2,1,44.6090710363189
2,1,42.1446871060151
2,1,41.3993237911233
2,1,34.4320794497743
2,1,50.255855381653
2,1,48.9146437835863
2,1,44.8407616901112
2,1,43.3787475483392
2,1,41.2287416038805
2,1,35.0563078344262
2,1,50.5295508994221
2,1,46.5836479583304
2,1,43.550202591573
2,1,42.3192652338966
2,1,39.5488977640712
2,1,34.3678650538963
2,1,50.5685135285759
2,1,47.3657686828876
2,1,44.9719355539799
2,1,41.7472333646838
2,1,38.9692332392014
2,1,35.7892883934694
2,1,50.0997295754891
2,1,48.4005876961515
2,1,43.5940981898301
2,1,39.1447651128344
2,1,38.9879017802762
2,1,35.8875750333115
2,1,50.3177180421358
2,1,47.2190534178933
2,1,44.7341648129147
2,1,41.3441873440554
2,1,39.6953065846819
2,1,35.5149048801587
2,1,48.8783730814663
2,1,48.6669062733693
2,1,44.9341206686337
2,1,41.8098098070415
2,1,38.1961192948509
2,1,34.5946675503021
2,1,52.6627955681972
2,1,47.435822227184
2,1,45.5848555995337
2,1,42.4278310371954
2,1,39.7062880185267
2,1,34.3723847652305
2,2,48.2823059767777
2,2,44.2120553166663
2,2,44.9009828886579
2,2,41.062163853115
2,2,36.2696889012657
2,2,33.8337282850941
2,2,50.0834045826086
2,2,44.5168756039642
2,2,43.2703775288176
2,2,40.0718980290817
2,2,35.8422920169034
2,2,34.4052879971569
2,2,49.5724951975346
2,2,43.0067990011549
2,2,44.2058698462524
2,2,39.1831183799961
2,2,36.7635892535055
2,2,34.3346934737033
2,2,48.2542399914934
2,2,45.8952966687839
2,2,43.0666457859827
2,2,39.414130028652
2,2,37.0742566514118
2,2,33.6253509862901
2,2,49.2074782713957
2,2,43.4533423033636
2,2,43.5432747198981
2,2,40.6432948030264
2,2,37.8046600579373
2,2,35.0040423914526
2,2,49.2849637183065
2,2,45.1539196985114
2,2,44.0585090588316
2,2,39.8054843027368
2,2,37.2392310620723
2,2,34.6422381127099
2,2,50.8921802946334
2,2,48.7371166471809
2,2,42.0436358573627
2,2,39.9749477771485
2,2,35.1500706494539
2,2,34.7251426780451
2,2,48.8618175369514
2,2,45.4220514720007
2,2,42.5895988705049
2,2,38.9802131712528
2,2,36.940737095065
2,2,34.4102740737313
2,2,48.8455233640091
2,2,45.8239028574653
2,2,43.012522020454
2,2,39.2849484542593
2,2,36.7719926489287
2,2,32.8783565141877
2,2,47.2304320685154
2,2,45.1923550629412
2,2,44.745013311452
2,2,41.109920966186
2,2,36.4635317204749
2,2,36.0489644120548
2,2,47.7183442188628
2,2,45.6076417250873
2,2,43.8719135321526
2,2,39.6260818002711
2,2,38.9154979684408
2,2,33.7407464870025
2,2,47.4586159540358
2,2,46.2678462520408
2,2,41.8991094055002
2,2,39.7939533587943
2,2,37.5973480207996
2,2,33.5128438592594
2,2,49.9518848865197
2,2,45.4280012606616
2,2,42.7351867953609
2,2,38.7374731603499
2,2,35.6490274204861
2,2,32.8785896469438
2,2,45.7328342693009
2,2,46.0462465998112
2,2,41.9263278712748
2,2,39.8108346995018
2,2,36.3165550345844
2,2,33.649561914899
2,2,49.4341589179178
2,2,45.5109821996414
2,2,43.2563315193227
2,2,38.6194700306567
2,2,39.3968103710065
2,2,31.2665828075482
2,2,47.543551984212
2,2,46.1560832911588
2,2,41.8209127532132
2,2,40.7449747116058
2,2,35.7550046275488
2,2,31.3714224292928
2,2,51.008395578562
2,2,47.3968460157206
2,2,41.7910024735262
2,2,42.8297108862009
2,2,35.2292221469628
2,2,32.6519626263866
2,2,47.3685366612886
2,2,47.9560765464215
2,2,41.032549718906
2,2,39.9290063259995
2,2,37.4757930255271
2,2,34.0709796622629
2,2,48.9694724508506
2,2,45.046000076768
2,2,42.0568509685442
2,2,41.2972985821173
2,2,37.7982840059067
2,2,34.0246078152262
2,2,50.2960429582047
2,2,45.8132158881279
2,2,41.4971613422482
2,2,39.68806951451
2,2,36.4467895043889
2,2,34.9971601620401
2,2,47.8248479126582
2,2,46.5682853972377
2,2,42.3373962192739
2,2,40.8005616183837
2,2,38.1093893538829
2,2,33.3047650275834
2,2,49.7265651684921
2,2,45.8098313619344
2,2,41.631138776318
2,2,40.4383256348489
2,2,35.3411334718796
2,2,33.5112166125305
2,2,48.7309882855665
2,2,46.7750548093339
2,2,43.5248621224797
2,2,39.7174680815209
2,2,37.0438565867222
2,2,34.2049849826688
2,2,48.8910593908639
2,2,44.9517077585944
2,2,44.641639588544
2,2,39.6079988576291
2,2,38.3824913170996
2,2,35.9511855754978
2,2,48.7025427098652
2,2,46.4509919749423
2,2,43.6226325886323
2,2,38.7689217272539
2,2,35.9132349282272
2,2,32.7185010669026
2,2,48.9812241335019
2,2,46.5492554118306
2,2,42.2360126361873
2,2,39.6730344926428
2,2,37.58456857968
2,2,33.3779713578936
2,2,47.6701484943861
2,2,45.3521537066361
2,2,41.6242154212672
2,2,39.5508128953149
2,2,35.9980262731906
2,2,33.0490611479995
2,2,48.9028418090998
2,2,44.0795123184548
2,2,42.6282497301193
2,2,38.1678632457194
2,2,36.3568420460696
2,2,34.6529445427406
2,2,48.9042380745244
2,2,44.5240054178534
2,2,43.2924335439204
2,2,40.0646635780628
2,2,36.9801050230661
2,2,33.8460390425171
2,2,49.952963970908
2,2,44.9089032815567
2,2,43.1802300920081
2,2,39.079241016948
2,2,39.653132549578
2,2,35.4730604403884
2,2,48.1841320155768
2,2,45.2073080808385
2,2,43.5215431704475
2,2,39.897526864498
2,2,35.9572322027848
2,2,34.5634172750798
2,2,48.7653252767572
2,2,46.0404220084642
2,2,43.8688247358312
2,2,40.2028527861488
2,2,36.3701365103871
2,2,33.2137215372728
2,2,50.1665940763671
2,2,46.6137144431103
2,2,42.0598421508981
2,2,40.1166356340084
2,2,38.1519136674852
2,2,34.3816716297289
2,2,50.6069737459391
2,2,47.375751916404
3,2,44.1504486449676
3,2,41.6270608568923
3,2,37.455296054599
3,2,33.468797581028
3,2,49.6941901401177
3,2,46.7100083656872
3,2,44.667113175407
3,2,42.2296439248468
3,2,38.2281672759031
3,2,34.6427519097476
3,2,49.6024980420564
3,2,46.2746802869134
3,2,44.0243891333954
3,2,40.3652836472825
3,2,38.4171557817918
3,2,33.7126661840031
3,2,50.265203188238
3,2,46.6342972678448
3,2,43.7925013421467
3,2,40.4894573827169
3,2,37.9296757233579
3,2,34.4909825574223
3,2,49.1411981854282
3,2,45.8495625950157
3,2,44.578794498448
3,2,40.4727590565419
3,2,37.8635240209543
3,2,36.008436464539
3,2,49.4601033067652
3,2,46.5640242378561
3,2,44.3222036365069
3,2,39.5697519486731
3,2,38.1574324781607
3,2,34.8481206698724
3,2,51.8905591440423
3,2,44.8936905996443
3,2,42.4760951680957
3,2,40.8111990635842
3,2,39.7107540670514
3,2,34.6559802429587
3,2,49.7021016879183
3,2,45.26291392982
3,2,45.1368827784817
3,2,38.9030399532195
3,2,37.1385848854469
3,2,34.9595796683703
3,2,48.6299463012357
3,2,46.2261861890521
3,2,41.8065346945645
3,2,39.8791414289498
3,2,39.9699366856214
3,2,35.8016005905728
3,2,50.1853204703994
3,2,47.2359786463867
3,2,42.9424284586668
3,2,40.18714644019
3,2,38.1556999166771
3,2,34.4440350298669
3,2,49.7068758362427
3,2,45.8903246348636
3,2,41.1021917937736
3,2,40.598625570305
3,2,38.3877115354334
3,2,33.9123390154834
3,2,48.9582942490659
3,2,47.4207188815082
3,2,42.6418679257318
3,2,41.6535428289157
3,2,37.4216188048862
3,2,35.4288769669561
3,2,48.0063238094109
3,2,46.1336298306454
3,2,44.0139746499234
3,2,39.3226462583368
3,2,36.9894589830147
3,2,35.4379495322449
3,2,49.3904065128828
3,2,46.098383408394
3,2,43.953761829352
3,2,40.4203878894569
3,2,37.4089457790209
3,2,35.0353256527984
3,2,50.2763723226656
3,2,47.6601990248732
3,2,43.3157854991749
3,2,39.7436126752598
3,2,37.8142181579225
3,2,35.0317811133155
3,2,50.9860801622777
3,2,46.5877069982927
3,2,42.54001554749
3,2,42.6743429697779
3,2,38.3371145161988
3,2,33.5479434194793
3,2,51.0958619587359
3,2,47.1122509463116
3,2,44.5046888943363
3,2,40.1780937621152
3,2,39.3377115590655
3,2,36.9910072888724
3,2,50.4984107331246
3,2,46.9750930652519
3,2,43.7671937535155
3,2,39.422435929319
3,2,36.7106126675029
3,2,35.7478025655164
3,2,51.1934403771203
3,2,44.6418049813755
3,2,44.0455290140557
3,2,39.3962025369446
3,2,38.5806470181746
3,2,34.6171255806212
3,2,48.8319444776891
3,2,46.7536620428859
3,2,44.2024667780893
3,2,41.1120477079394
3,2,36.9932566864015
3,2,32.5120495143979
3,2,48.1369819241393
3,2,44.9619240443307
3,2,43.5311553466539
3,2,39.4511987670878
3,2,37.0402799438341
3,2,33.5119295215638
3,2,49.5396890010259
3,2,47.4170953380314
3,2,44.6279062057504
3,2,42.3678008385491
3,2,38.1885567908565
3,2,33.2079029892095
3,2,48.4369472078204
3,2,46.8563119188655
3,2,42.3521841604452
3,2,41.4075077891289
3,2,36.4281917222007
3,2,34.9703740290343
3,2,51.0830402952931
3,2,47.5797219079154
3,2,42.0198583815126
3,2,39.7123046680604
3,2,38.5617589435326
3,2,34.8606594579122
3,2,47.897391457871
3,2,45.83229724763
3,2,45.1622390142608
3,2,39.5003076448506
3,2,38.8921225941506
3,2,35.5039348789147
3,2,47.8436659970145
3,2,46.4529346497131
3,2,43.4203474853898
3,2,40.5902851289219
3,2,36.7839696222817
3,2,34.8359509385693
3,2,49.7972015676499
3,2,45.6202847787396
3,2,44.732767498337
3,2,41.1966370277048
3,2,38.2833774132278
3,2,34.1761823935319
3,2,47.7159185631468
3,2,44.8409299351695
3,2,43.1549335349058
3,2,38.7302602386901
3,2,36.8097655211937
3,2,34.5134944514215
3,2,50.374600320749
3,2,45.9311476088738
3,2,45.0584708458844
3,2,40.6198686774218
3,2,38.0450641627381
3,2,36.0432687961636
3,2,51.0799580396326
3,2,47.1773325511385
3,2,42.5597472946695
3,2,39.7892560549499
3,2,35.7158740311624
3,2,35.6969757932263
3,2,48.9721742184256
3,2,47.4896307277105
3,2,42.6525477719641
3,2,41.1078243168904
3,2,38.2692222101322
3,2,32.7388394336418
3,2,49.9338740617904
3,2,46.0197889902764
3,2,44.2816194831138
3,2,40.3281553174468
3,2,37.6863023961425
3,2,34.956121895426
3,2,49.7276334757006
3,2,47.6102401442247
3,2,45.6606927768685
3,2,39.5708823458809
3,2,36.6435979861415
3,2,35.6119899996884
3,2,48.996716659642
3,2,46.8174986476498
3,2,43.9972274482348
3,2,41.5361789529568
3,2,36.5326967221373
3,2,34.2538251899794
3,2,49.1746576257386
3,2,47.1819070775631
3,2,44.351269967171
3,2,41.7919311880344
3,2,37.8168642888487
3,2,33.9778088259346
3,2,47.2321392436681
3,2,47.04180317122
3,2,42.7385516632261
3,2,39.0737584021488
3,2,38.196516214322
3,2,33.1140937209689
3,2,49.1545261137854
3,2,46.1801302897971
3,2,45.1042950492617
3,2,39.5069578550822
3,2,37.9440203618655
3,2,34.6647041959927
3,2,48.7039082818097
3,2,46.2365216656808
3,2,43.8904134343604
3,2,40.4146911485786
3,2,38.8750573792919
3,2,33.9226931653829
3,2,48.8866248014067
3,2,46.6440139087413
3,2,45.1823869090958
3,2,39.1314020931441
3,2,38.2441961346443
3,2,34.9436370481644
3,2,50.2019952198431
3,2,48.6985091465964
3,2,42.2380198643048
3,2,41.2747124058063
3,2,36.0263164793033
3,2,32.8248235365934
3,2,49.0689052672131
3,2,49.2003717417496
3,2,43.4844922066074
3,2,40.9283903421342
3,2,38.4527673850966
3,2,34.7281516746149
3,2,49.6107386574919
3,2,47.1611050435795
3,2,44.1432292610818
3,2,40.4454255922858
3,2,38.4525356259917
3,2,35.8753369253817
3,2,49.3151756211369
3,2,46.6500650234635
3,2,43.4222900142761
3,2,41.8362994800004
3,2,35.9759426562545
3,2,32.22475617201
3,2,48.9872776790153
3,2,47.8546775916374
3,2,42.7297058224085
3,2,39.2398583459483
3,2,37.2692770473113
3,2,36.1882799294953
3,2,48.9959644776109
3,2,47.6702210229408
3,2,43.9499947176309
3,2,39.8329569557108
3,2,37.9841078158447
3,2,34.0116335955292
3,2,48.2846477995744
3,2,46.2665177983256
3,2,42.4359864551533
3,2,41.147795908837
3,2,37.5457886663551
3,2,35.2579093310047
3,2,49.1381538920581
3,2,45.8708451790584
3,2,44.561523735368
3,2,40.3216907109689
3,2,35.8210335242065
3,2,32.2223459267909
3,2,48.1738892947707
3,2,45.4057113686674
3,2,41.8623124503381
3,2,39.7498956333401
3,2,37.4796885981655
3,2,35.3646958774597
3,2,47.3348815758884
3,2,46.7443706760474
3,2,43.7934764766593
3,2,39.9477147683415
3,2,39.5319890541335
3,2,34.8906173256616
3,2,51.3293619880486
3,2,45.8599679236897
3,2,42.9042416407142
3,2,41.2092187363252
3,2,38.0943642324442
3,2,33.365119443195
3,2,48.6978355095586
3,2,45.5874092530707
3,2,43.8760067081962
3,2,38.7202614473908
3,2,37.8190766532133
3,2,35.1291548714982
3,2,48.8491946144054
3,2,46.6792454676601
3,2,44.3312227383631
3,2,39.2968520754967
3,2,38.0732583855856
3,2,36.0639588395229
3,2,48.1674824424137
3,2,47.7770785124739
3,2,43.1917548585986
3,2,41.039740147962
3,2,38.7118054779834
3,2,33.8799310865361
3,2,49.2521382973197
3,2,47.7776917274531
3,2,43.9326597196801
3,2,39.9837733363096
3,2,38.894730963621
3,2,37.6245234596665
3,2,49.2613877697331
3,2,46.4965846007089
3,2,43.4597011861467
3,2,40.842409516117
3,2,36.5257978130646
3,2,34.6464276638669
3,2,49.3214299860139
3,2,46.765633691642
3,2,43.0443693918472
3,2,41.2904775469829
3,2,36.0596400602267
3,2,35.4224431049099
3,2,49.0403069167988
3,2,46.6270850351502
3,2,43.5090334981118
3,2,40.7551121106247
3,2,37.059261456952
3,2,33.3244342857629
3,2,50.1456320017591
3,2,46.2992440691629
3,2,44.4541488187984
3,2,40.4215934492134
3,2,37.3050079848385
3,2,33.9328822372343
3,2,49.8851812120064
3,2,47.1595461292365
3,2,44.1007741962276
3,2,40.4303704620088
3,2,38.5905531958262
3,2,33.7813247916748
3,2,48.7968023570693
3,2,47.0510954313402
3,2,43.53838198323
3,2,40.2164420496617
3,2,38.6125926028116
3,2,33.7983237483228
3,2,50.7311613964394
3,2,47.3694159545703
3,2,41.8706499410397
3,2,41.2504026235074
3,2,36.1117922957903
3,2,34.6700296374185
3,2,49.8715617470492
3,2,46.7524852524369
3,2,43.7611120065028
3,2,40.1579073467792
3,2,36.0103458177319
3,2,34.6669509705609
3,2,49.3598272595808
3,2,46.4135704444437
3,2,43.9149097939909
3,2,39.6181980696202
3,2,36.7319438267089
3,2,34.4691858667278
3,2,50.6453127502961
3,2,46.6521691825545
3,2,44.1314545832464
3,2,38.754397077888
3,2,35.272369809085
3,2,35.9108620241594
3,2,48.424744521636
3,2,47.7003282812341
3,2,43.9189348610217
3,2,40.0802284579953
3,2,37.8889152452237
3,2,35.4933275140947
3,2,47.7772393809292
3,2,45.6471208899788
3,2,44.1209513565793
3,2,39.7488013787017
3,2,37.6264716675472
3,2,35.3105063539685
3,2,49.9579069241076
3,2,46.8828846342195
3,2,43.4235651048565
3,2,39.1322038240756
3,2,36.8148856048555
3,2,32.4581522114737
4,3,46.6965658420165
4,3,46.1090903310847
4,3,42.4451270238901
4,3,36.0960890668105
4,3,35.4268633582213
4,3,32.9499095510546
4,3,46.9741236468265
4,3,43.8913813950308
4,3,40.4689683896206
4,3,37.376977713819
4,3,35.4556774115078
4,3,31.5486475925543
4,3,47.113583798317
4,3,45.6649446290622
4,3,41.3419235621746
4,3,39.342044611669
4,3,34.6472629672689
4,3,32.3338040716393
4,3,47.4477146089182
4,3,45.0054851787217
4,3,42.1681471979932
4,3,38.5814472396461
4,3,36.2818978621028
4,3,31.3292618314054
4,3,48.5279579290153
4,3,43.5321200314138
4,3,43.062825086985
4,3,39.5659975304198
4,3,34.7743717129355
4,3,32.5731898839085
4,3,47.3998876648898
4,3,42.842655162528
4,3,39.4315349654089
4,3,37.7342932318098
4,3,34.7690365463524
4,3,32.8625636168014
4,3,48.2283040066951
4,3,44.5524333087229
4,3,42.9025232557581
4,3,37.79044064475
4,3,34.6584208782023
4,3,33.6325521148498
4,3,44.7132905671166
4,3,44.4698075129265
4,3,41.2869874010924
4,3,37.2826907396811
4,3,35.3917795205388
4,3,33.1287076244592
4,3,45.8535417354131
4,3,42.9356328643174
4,3,40.4158589080617
4,3,37.826886782946
4,3,34.8967209421193
4,3,31.3144616824068
4,3,45.8661339727584
4,3,44.9373217112831
4,3,41.6184388251054
4,3,38.3520389240968
4,3,34.8616477453047
4,3,32.6121184585506
4,3,47.129898375968
4,3,46.309648170485
4,3,41.6491048220824
4,3,38.4166163379108
4,3,34.872198326564
4,3,32.3569935154288
4,3,47.4856486737865
4,3,42.7363850687756
4,3,41.6937204228323
4,3,38.3484671266717
4,3,32.6292411200605
4,3,33.8065462942397
4,3,46.3770215788403
4,3,45.8307636656765
4,3,42.0254602595856
4,3,38.4637114219252
4,3,35.6018866829626
4,3,32.9112856256153
4,3,47.857482596792
4,3,45.8268772623031
4,3,42.5918363698795
4,3,38.258575913878
4,3,36.9280448724056
4,3,32.0283528970581
4,3,45.8052830668707
4,3,44.1177446613363
4,3,41.0614245170382
4,3,39.0265696568437
4,3,33.9317498793372
4,3,31.901400220794
4,3,48.4545853650594
4,3,45.0093604324213
4,3,39.6279964158801
4,3,38.3751791819175
4,3,34.2672144910839
4,3,30.7642664609264
4,3,46.8846590227295
4,3,44.4287712571863
4,3,42.4927218048294
4,3,38.1438587796046
4,3,35.7599850888082
4,3,31.7026206494548
4,3,46.3849220558347
4,3,44.1190629504561
4,3,41.2561765278416
4,3,37.3666528309648
4,3,33.0216817827221
4,3,33.2641754774125
4,3,48.7057618479402
4,3,44.4331213509916
4,3,40.2625855079978
4,3,37.8382091684401
4,3,35.1756297883642
4,3,32.9865119964139
4,3,46.9717242068991
4,3,43.6205209739625
4,3,43.6417998447325
4,3,38.275411705253
4,3,33.3982072847783
4,3,32.022882954178
4,3,47.9209841966007
4,3,42.8838758362942
4,3,39.1703464480341
4,3,38.7454224679532
4,3,34.4252572524047
4,3,31.1558819014929
4,3,46.8478919143059
4,3,43.1323062706989
4,3,42.1886508948665
4,3,38.3757201144591
4,3,33.9016504898608
4,3,34.5333900441546
4,3,47.7799183526701
4,3,44.0112148148562
4,3,40.2489454389689
4,3,37.4157256665615
4,3,34.8598496190062
4,3,33.1524880696893
4,3,48.4457427762864
4,3,43.9618028640925
4,3,41.3869256135922
4,3,38.3512406640688
4,3,35.654850115493
4,3,32.9269426452893
4,3,45.9673202572916
4,3,43.55390766968
4,3,42.0201956592274
4,3,37.5204245175284
4,3,35.4029357438106
4,3,32.1615565723595
4,3,45.655867534483
4,3,44.631672713222
4,3,41.0513266381902
4,3,38.0103417237552
4,3,35.2707343708665
4,3,31.6367191898089
4,3,47.5767409460645
4,3,43.0992713544884
4,3,41.9216414655091
4,3,39.7309609841082
4,3,33.9701424001021
4,3,30.8672919153423
4,3,46.7572516636542
4,3,44.2196804984554
4,3,41.1988919544519
4,3,37.938860459621
4,3,33.8076358394843
4,3,33.8654745585492
4,3,47.2059117292984
4,3,43.4589783977191
4,3,41.61254889804
4,3,39.2357125866495
4,3,37.0213042975962
4,3,33.789290000509
4,3,46.7776945333719
4,3,44.0637218169571
4,3,40.7069880680901
4,3,38.5823274038514
4,3,35.0097923626624
4,3,33.2265033350906
4,3,47.9827327958927
4,3,44.2072517759665
4,3,41.1188434923825
4,3,38.7192253704821
4,3,36.851600889372
4,3,32.6840461222218
4,3,46.9800716024234
4,3,44.9299118985796
4,3,40.9090235677605
4,3,37.2001787239239
4,3,35.8536623425136
4,3,30.7844385394616
4,3,46.4160991851388
4,3,44.0536306056326
4,3,40.5085829380949
4,3,37.5330469708148
4,3,35.6440811739225
4,3,32.3603818450985
4,3,46.9909890125423
4,3,43.6466604286141
4,3,41.9871771496415
4,3,37.6189290569485
4,3,35.9572406294976
4,3,32.6475981873202
4,3,47.8025511487497
4,3,45.3706037812871
4,3,41.2009728093045
4,3,38.2556852477474
4,3,35.0569000714115
4,3,29.6280982494434
4,3,46.3168007749859
4,3,45.4527801630635
4,3,39.7776929849583
4,3,38.1704490602337
4,3,34.2328029183595
4,3,34.3073354039789
4,3,48.5932779300992
4,3,44.6206957618852
4,3,40.9267635257168
4,3,38.193922237004
4,3,35.1270331714688
4,3,33.3714424054357
4,3,48.5212558521054
4,3,43.7928315049842
4,3,41.5808301150377
4,3,37.4472329695044
4,3,34.1348922375659
4,3,32.8559084902333
4,3,46.68836703144
4,3,44.0710660565292
4,3,40.6100332140611
4,3,37.716087821916
4,3,35.9068764289479
4,3,33.7665349564423
4,3,47.395811610021
4,3,41.4704233914038
4,3,42.7202375041307
4,3,37.3117486328188
4,3,34.3085842585968
4,3,33.0863451800023
4,3,47.4961527925789
4,3,45.8731448806251
4,3,40.9855749424704
4,3,38.1037445252035
4,3,36.0096294514824
4,3,31.8414154024376
4,3,47.2512850761727
4,3,43.6962078617121
4,3,41.0195560780932
4,3,39.7068195288895
4,3,35.3339073042524
4,3,33.1803592895384
4,3,47.5453059313264
4,3,45.2885904921846
4,3,40.2295687799618
4,3,38.7990597111145
4,3,36.8044536094129
4,3,31.7183028770934
4,3,47.4414749470515
4,3,44.1086692633811
4,3,42.0277382365056
4,3,37.9927862385255
4,3,35.6293204969117
4,3,32.6470460614969
4,3,47.5576489898301
4,3,44.0099572101469
4,3,41.039638713291
4,3,38.4547854267696
4,3,34.38139737647
4,3,32.0436259270387
4,3,48.2773189034495
4,3,43.6261941622252
4,3,40.390187955796
4,3,37.4848658715767
4,3,35.5873700142691
4,3,32.5532895686535
4,3,48.1441447439758
4,3,44.2850446839494
4,3,41.3050628227495
4,3,37.2598020620193
4,3,35.4045949019088
4,3,30.7972558972323
4,3,47.6837650670161
4,3,44.6591055711468
4,3,40.7283527619031
4,3,37.8903422519282
4,3,34.8414034488222
4,3,31.2702907386597
4,3,46.2365833530504
4,3,46.7911329817861
4,3,40.0756474262144
4,3,39.4437341549913
4,3,34.2915017131406
4,3,33.7885682699959
4,3,46.8147076146731
4,3,45.0628673076508
4,3,41.1901757069152
4,3,37.434963195159
4,3,34.6014696125354
4,3,33.622321625649
4,3,46.9716044364758
4,3,44.3764210205312
4,3,42.8955811035402
4,3,40.4045769960046
4,3,34.4807149547368
4,3,34.2646605749504
4,3,47.5058842387894
4,3,45.8200059957522
4,3,41.4408018988741
4,3,39.7962274096381
4,3,35.8508288799175
4,3,30.9770830724954
4,3,47.112153278333
4,3,44.8798435171501
4,3,41.7386639645341
4,3,40.1537398928881
4,3,35.3720046261424
4,3,32.8086664519067
4,3,46.0585239766782
4,3,43.0926020215218
4,3,40.5358974773803
4,3,38.0300556580541
4,3,34.8150551654827
4,3,32.1908127911881
4,3,46.0894632465988
4,3,44.1556817820572
4,3,42.2353533941326
4,3,39.2526779834781
4,3,35.9433992412328
4,3,32.3424785188681
4,3,46.5507716317324
4,3,43.7702535008461
4,3,41.3532250020045
4,3,38.5085136262896
4,3,34.5569573515381
4,3,34.8814228214975
4,3,47.179251400367
4,3,45.1868840406516
4,3,39.7434071404536
4,3,38.6909706425758
4,3,33.3009419730669
4,3,32.5505663585263
4,3,46.8943129011457
4,3,45.4989166734298
4,3,40.7839097203293
4,3,38.3644455276018
4,3,36.1746745929868
4,3,33.856569597186
4,3,45.4220355991212
4,3,45.8582715041789
4,3,41.1746526618821
4,3,38.2135471649872
4,3,35.4858536621389
4,3,34.4208114858559
4,3,47.747391201163
4,3,44.9536544681332
4,3,39.8516485957337
4,3,39.5574479792522
4,3,35.2067030164786
4,3,32.8484164170173
4,3,46.6635609926525
4,3,45.2359300902146
4,3,41.3127622680337
4,3,37.6567003096234
4,3,35.0438135455636
4,3,33.9048144724952
4,3,48.7486777243175
4,3,44.2451662268899
4,3,40.96788763263
4,3,39.2953023473579
4,3,36.7391039011305
4,3,32.0389715991728
4,3,46.0799466378393
4,3,44.0601653717597
4,3,43.0289738316466
4,3,37.237691589636
4,3,37.3037982822962
4,3,31.3968472580887
4,3,46.0784233795582
4,3,44.3870411600514
4,3,40.8737412919198
4,3,38.0483320502385
4,3,33.4028771206295
4,3,32.9565523534634
4,3,47.4561667968503
4,3,45.0011806668266
4,3,41.1642561338893
4,3,38.355025482139
4,3,35.3088803264725
4,3,32.8567579466248
4,3,47.4822312805358
4,3,42.6784739373254
4,3,40.2999845698365
4,3,39.2013619076218
4,3,36.2426824619072
4,3,32.913983165922
4,3,47.4807502420605
4,3,43.5267230254145
4,3,42.2559311555317
4,3,38.0533387991567
5,3,40.6826598586639
5,3,36.217418323299
5,3,53.3430028077512
5,3,49.9408695023986
5,3,46.9427133477472
5,3,42.5788415568029
5,3,39.5791804427956
5,3,36.7978643638945
5,3,53.9962269912211
5,3,48.3901136930296
5,3,46.7379562781082
5,3,43.4239284984008
5,3,41.3812694980514
5,3,37.2014889580878
5,3,53.3531766149716
5,3,49.3368159328959
5,3,46.741876989722
5,3,44.1476086613478
5,3,39.746833354288
5,3,36.2061403676248
5,3,53.9386504379044
5,3,48.0491912044023
5,3,47.9064340477848
5,3,43.1947553955632
5,3,40.4869373493715
5,3,37.8982397048963
5,3,51.8627879048429
5,3,48.168242871842
5,3,45.69986297711
5,3,43.2893604439473
5,3,41.2223661868222
5,3,36.8711037867393
5,3,53.0336979284106
5,3,50.3520222392131
5,3,45.2988105130618
5,3,43.6243231502958
5,3,42.7680241692087
5,3,36.9569232922647
5,3,54.2586663438862
5,3,50.3748868310634
5,3,47.7152918151469
5,3,42.6242853578047
5,3,40.166147115586
5,3,37.4866158965743
5,3,53.0509882237691
5,3,49.6900595608378
5,3,47.104902495687
5,3,42.2713559802755
5,3,41.3586677596746
5,3,38.643174216515
5,3,53.2138676397489
5,3,49.4511786767717
5,3,46.3444595663981
5,3,43.1440550695084
5,3,39.3553974376069
5,3,35.6228030769119
5,3,52.9816904060232
5,3,48.5055082522567
5,3,46.6678796096875
5,3,45.1619206089769
5,3,40.9086594467482
5,3,37.5274954632028
5,3,51.9070851024793
5,3,49.500094657956
5,3,46.1620617418866
5,3,43.8784502618365
5,3,40.2090535911426
5,3,36.8475909524152
5,3,51.333230864664
5,3,49.1700523004853
5,3,46.769838765579
5,3,42.8590950579445
5,3,39.7366494698406
5,3,37.7751563060755
5,3,52.1510733981135
5,3,48.9795840579441
5,3,47.6105624334973
5,3,43.5186395613372
5,3,39.8650825751043
5,3,37.0053738403111
5,3,52.6716426701143
5,3,47.6304356392506
5,3,47.6023028135724
5,3,43.6521808479827
5,3,38.184810286425
5,3,37.8857974559524
5,3,53.1564660938788
5,3,48.2989005215368
5,3,48.3738010672974
5,3,41.9845772601022
5,3,40.9849356157602
5,3,37.955881414274
5,3,52.4341597240179
5,3,48.0578240681054
5,3,45.6538564896555
5,3,43.9459620596123
5,3,41.23914518925
5,3,36.1800142690095
5,3,52.4138713085426
5,3,49.3008507810166
5,3,45.3925793950645
5,3,44.1282002566397
5,3,41.7830145187974
5,3,36.2284543613792
5,3,52.0714236989864
5,3,50.8214744331749
5,3,45.4108663789527
5,3,42.6843372606316
5,3,41.0060081466592
5,3,37.094883258782
5,3,52.2454321798681
5,3,50.2738599927339
5,3,45.6704600609602
5,3,44.6817465651355
5,3,39.3608076590435
5,3,36.7679182466997
5,3,51.9360490274077
5,3,48.0102786383842
5,3,47.4858550085024
5,3,43.7435708538171
5,3,42.0198631283095
5,3,37.776424594269
5,3,52.7389903379589
5,3,49.7334154016614
5,3,47.4626304967933
5,3,43.4185257691316
5,3,39.2004329282112
5,3,37.0520416791928
5,3,52.4899746128248
5,3,49.5565383820451
5,3,46.741402541224
5,3,44.1742387750553
5,3,39.5084198200955
5,3,36.4797849340611
5,3,52.2234216685089
5,3,49.1038090655298
5,3,46.8489230071394
5,3,42.5335554367975
5,3,40.3552745701657
5,3,35.4456961192333
5,3,51.9290684580513
5,3,49.3918370147783
5,3,49.4625218298104
5,3,43.71097065217
5,3,39.5252062030954
5,3,38.2038258065636
5,3,53.5705828334081
5,3,50.0320925790738
5,3,44.6425189044915
5,3,43.6841120435728
5,3,40.0211854032891
5,3,36.464890203387
5,3,51.7159326768604
5,3,49.1589757041976
5,3,47.0807974913273
5,3,42.0356765081315
5,3,41.5600575678426
5,3,37.41977444187
5,3,51.2410254676767
5,3,49.0534289151904
5,3,47.6773185726996
5,3,42.9390271418474
5,3,40.5522798742239
5,3,37.7230248605125
5,3,52.3463508916108
5,3,49.7641184593615
5,3,45.8492960175876
5,3,43.3767959351533
5,3,41.0894735800236
5,3,35.8310191253094
5,3,51.8712855917992
5,3,49.5717936378204
5,3,45.58456252714
5,3,43.3328802771745
5,3,40.9867586316621
5,3,37.9405311562121
5,3,53.6273742635131
5,3,50.025059927887
5,3,46.6028969288044
5,3,42.7853098579747
5,3,40.2156681076941
5,3,37.1221969607641
5,3,52.6790870771989
5,3,48.277593547698
5,3,48.2480881241043
5,3,42.6068995281189
5,3,39.9085706893379
5,3,38.2742622878997
5,3,52.46164438232
5,3,49.2499755226174
5,3,45.503873521056
5,3,43.3017600602421
5,3,42.0302885304386
5,3,37.8818377767745
5,3,54.7618252112841
5,3,49.6915186007027
5,3,47.6097407741684
5,3,41.9766695754636
5,3,42.5270560746609
5,3,37.5116937324766
5,4,50.4541111701983
5,4,48.8818837377674
5,4,46.4255063799667
5,4,43.8688646638516
5,4,40.9199681436254
5,4,36.2376311715688
5,4,52.9809983236472
5,4,50.6986298443504
5,4,45.5666189677698
5,4,43.3102070751565
5,4,39.4764541043232
5,4,37.9336684134862
5,4,51.7291657743454
5,4,51.1989356767159
5,4,45.170414267786
5,4,43.297404841077
5,4,39.5061389841996
5,4,37.4836271451632
5,4,52.7104188983357
5,4,48.8304434697038
5,4,45.9362800740099
5,4,42.7058085402064
5,4,38.3911658493338
5,4,38.3898242499313
5,4,51.796934306592
5,4,52.1168529737729
5,4,46.3256589349581
5,4,42.8394376247125
5,4,39.4633113774891
5,4,37.9873355536935
5,4,51.0957811433981
5,4,48.4457896576587
5,4,48.6504844899508
5,4,44.0106632998395
5,4,40.1068827734992
5,4,35.8827431483192
5,4,51.6361688979807
5,4,49.0502762702242
5,4,46.3861690391349
5,4,42.3522515594123
5,4,41.8045544810579
5,4,38.1433510817725
5,4,51.7722760411206
5,4,47.731682505052
5,4,45.1651010857762
5,4,44.2413064660792
5,4,39.9697634777315
5,4,35.8481911781203
5,4,52.5729268079939
5,4,50.7234441698849
5,4,47.9547648735788
5,4,43.0459492448242
5,4,38.0095930157864
5,4,36.3309676809394
5,4,51.5984856106041
5,4,50.7945173544172
5,4,47.4371085082684
5,4,42.561456393547
5,4,39.3125017582045
5,4,39.2182564540173
5,4,51.473955187939
5,4,49.0014253840806
5,4,47.1379218562619
5,4,43.8926913766761
5,4,39.2014786037815
5,4,35.9255189450183
5,4,52.5647809205292
5,4,48.3846601281349
5,4,47.7691117336252
5,4,45.0737082917036
5,4,41.4104307756546
5,4,37.6912179361441
5,4,50.5308304572609
5,4,49.7433728442401
5,4,46.3938028817227
5,4,42.330035212525
5,4,39.8078761462064
5,4,36.3572079055396
5,4,52.0225574128688
5,4,49.7213214386985
5,4,47.7074344099823
5,4,42.7866284857674
5,4,38.4642904875054
5,4,36.511254259975
5,4,52.4295533579885
5,4,48.105433461889
5,4,45.4461196291399
5,4,43.854861296002
5,4,40.3845552560958
5,4,37.9892075277293
5,4,51.4241320260009
5,4,48.6662822573065
5,4,45.7046445504153
5,4,42.5222948024026
5,4,39.385397700935
5,4,37.3059919700259
5,4,53.8269076696384
5,4,49.9257657940282
5,4,45.4161304499911
5,4,42.6319832936892
5,4,41.8481381911745
5,4,36.732002858242
5,4,52.142430573776
5,4,49.6020382876009
5,4,44.6209063274843
5,4,43.994077047423
5,4,41.8185857008435
5,4,38.0517645613965
5,4,50.8837047864296
5,4,49.615972803733
5,4,47.3506384774331
5,4,41.1373274180064
5,4,39.8530665582043
5,4,36.6392784447748
5,4,51.0264573451468
5,4,49.7933478320374
5,4,47.2118957189238
5,4,43.7935597803846
5,4,39.7772096059443
5,4,37.9176848578447
5,4,52.6776461070525
5,4,48.9056099547154
5,4,47.6917503040068
5,4,42.7506472881387
5,4,38.7671971811421
5,4,37.7220927948417
5,4,51.9155707334546
5,4,49.3404486166103
5,4,44.8130295086607
5,4,43.5410236453871
5,4,39.2097743074122
5,4,35.9658613382268
5,4,53.4014210598185
5,4,49.3240148454916
5,4,46.3869648269959
5,4,42.7361132338972
5,4,40.3040394924504
5,4,38.2293489748791
5,4,50.9208805430363
5,4,49.4720398954973
5,4,46.8355544207266
5,4,43.8800186591286
5,4,41.8917149517823
5,4,39.5250064416108
5,4,52.4731096641606
5,4,49.6043665437016
5,4,46.0016088105145
5,4,43.0757343824595
5,4,39.0244878591642
5,4,36.79904481961
5,4,53.2981617838695
5,4,47.8942884850428
5,4,46.04111722693
5,4,42.8191317341579
5,4,40.0223500594081
5,4,39.3150234831304
5,4,54.0406683769918
5,4,49.5842042941215
5,4,46.2935082343549
5,4,42.3088203814375
5,4,40.620322417802
5,4,38.6328339595666
5,4,51.1823565115609
5,4,49.2731260913552
5,4,45.5413999089058
5,4,41.9392889855779
5,4,40.3520168311665
5,4,37.3426527282162
5,4,53.7930187171352
5,4,48.436020569922
5,4,46.2520045549025
5,4,42.6019279682064
5,4,40.5487100011089
5,4,36.706519512882
5,4,52.3851380337174
5,4,49.2811948242565
5,4,47.2364930750154
5,4,42.67857389529
5,4,40.2196112891208
5,4,38.3435772331392
5,4,51.8246940216479
5,4,47.4055914219248
5,4,46.0628954845513
5,4,44.0617271630879
5,4,39.9017878361365
5,4,36.9628571727223
5,4,53.6749398054908
5,4,48.1500338617965
5,4,45.7104656384292
5,4,43.6182050209869
5,4,40.8439389963719
5,4,37.2016953763816
5,4,52.1921797977041
5,4,49.2060353008442
5,4,46.3129506500502
5,4,44.360385728428
5,4,40.8850091763854
5,4,36.7804050356059
5,4,50.8323447403069
5,4,50.8613945246754
6,4,41.8457722972823
6,4,39.3311063463558
6,4,35.6718453273152
6,4,32.1172323653085
6,4,47.6949754019852
6,4,44.8691784182422
6,4,39.612028638713
6,4,38.7109239042963
6,4,36.9455126823383
6,4,31.2258723936795
6,4,48.2004446420117
6,4,44.8013178102264
6,4,40.7691529757417
6,4,37.8271917809005
6,4,36.6703692394289
6,4,31.2065852415877
6,4,47.1365251898306
6,4,45.6520692207492
6,4,39.4497362906625
6,4,38.3164623238898
6,4,34.1797102216904
6,4,32.1443385611661
6,4,47.6066929683828
6,4,44.2695488713448
6,4,41.4397726631148
6,4,38.2357889272194
6,4,35.6621320027651
6,4,33.2191851883886
6,4,47.7355766419407
6,4,44.653038785028
6,4,42.3918703672152
6,4,37.9962916336688
6,4,35.2341512754256
6,4,33.8477442164233
6,4,47.7102240412808
6,4,44.6389478412682
6,4,40.553316040071
6,4,39.031334108776
6,4,35.5724490338558
6,4,32.7376680897676
6,4,48.2555827634443
6,4,43.9536948339987
6,4,42.1637579426201
6,4,38.1159045678563
6,4,36.0806066858432
6,4,33.2737358999197
6,4,49.2878981065446
6,4,45.875592444303
6,4,42.0942061850851
6,4,38.8929790334387
6,4,36.0731182977042
6,4,30.930816708329
6,4,48.4439795825892
6,4,44.1864456526884
6,4,42.5105954790212
6,4,38.8641537060715
6,4,34.204470857032
6,4,32.0689932009509
6,4,47.5086861047836
6,4,44.6238817190899
6,4,40.7029786215008
6,4,38.6519297778497
6,4,35.2659231979406
6,4,33.0974759927236
6,4,47.0868277139781
6,4,44.016159616426
6,4,40.5617163158712
6,4,38.3972285807636
6,4,35.982087461749
6,4,32.2506295181413
6,4,48.0104161350034
6,4,45.2180308795134
6,4,40.4875342342452
6,4,37.2575739920743
6,4,35.8434193256588
6,4,31.213499557853
6,4,47.2733726230489
6,4,44.9504926481053
6,4,40.3860647640455
6,4,38.0021808884081
6,4,35.7007367585179
6,4,33.101219789582
6,4,47.379169795624
6,4,45.1594820281981
6,4,43.5783117521323
6,4,38.4938846123092
6,4,34.4527090337872
6,4,30.2810994601391
6,4,47.8998906147282
6,4,43.8355764408646
6,4,42.3824309676395
6,4,37.6054347876194
6,4,35.8605784012171
6,4,32.9970742617215
6,4,47.1857747598826
6,4,44.5232555693475
6,4,41.3500668413911
6,4,37.47032336529
6,4,34.9634518403942
6,4,32.0311077954788
6,4,44.5205161687597
6,4,44.5421343461854
6,4,40.9738011446766
6,4,37.7292464554195
6,4,34.3063075571261
6,4,32.9233339239725
6,4,47.5566872464753
6,4,43.9954048656049
6,4,41.8441275632701
6,4,39.4039437962121
6,4,35.0088267649129
6,4,33.588175007435
6,4,46.9449169894305
6,4,43.8745408472134
6,4,41.5066936094982
6,4,38.123017013956
6,4,35.9246326877893
6,4,31.6105319052696
6,4,46.9562606573448
6,4,43.8687220835841
6,4,39.8460311179101
6,4,38.8106260857617
6,4,35.9566184873971
6,4,32.1141296585655
6,4,46.6095936118559
6,4,43.6079837393987
6,4,41.2454196374731
6,4,38.926482430712
6,4,36.1190878483537
6,4,32.1067063510664
6,4,46.4277865995475
6,4,45.604392561865
6,4,41.0639457322608
6,4,38.1941163386723
6,4,33.8483317302665
6,4,31.7012368884735
6,4,47.7219702738957
6,4,44.7330750520528
6,4,42.8763365279469
6,4,38.1219709354683
6,4,35.2665431194395
6,4,30.2002327592352
6,4,47.9086414392768
6,4,43.3668266485073
6,4,42.6264452087697
6,4,38.7496389173144
6,4,33.5591104225132
6,4,33.6112149207083
6,4,47.4373339855328
6,4,43.8252552735078
6,4,41.469316428975
6,4,36.5310747002837
6,4,35.1030357173375
6,4,33.4577700061362
6,4,45.3221474961713
6,4,43.932402123253
6,4,40.3108410413827
6,4,39.8328020183794
6,4,34.3615848664568
6,4,32.187293251672
6,4,48.0003996442176
6,4,44.9921400254542
6,4,40.9825639126184
6,4,40.2960766809813
6,4,35.7148425830401
6,4,31.0744108450617
6,4,48.3251288650267
6,4,44.3199160178175
6,4,41.6140918230558
6,4,39.8059838712606
6,4,34.8782484894464
6,4,31.5790657255967
6,4,46.9313132190777
6,4,45.2813153544244
6,4,41.0192873203519
6,4,40.457362744539
6,4,36.3278115007623
6,4,32.759965530851
6,4,46.9321155849343
6,4,43.6497567989177
6,4,41.9647146773525
6,4,37.6458136026748
6,4,34.2761992451874
6,4,32.9444919830506
6,4,47.5154129378917
6,4,43.6743833458807
6,4,41.1786895039314
6,4,38.4433243143968
6,4,34.8314782707863
6,4,33.1359304486838
6,4,48.4474210961804
6,4,46.7578209121675
6,4,41.9914498905959
6,4,38.593968488905
6,4,34.9117415483219
6,4,32.6737672678244
6,4,46.5509718130521
6,4,43.2295974809895
6,4,40.7732133016724
6,4,37.9004539195211
6,4,36.5412617611275
6,4,31.9254944466798
6,4,46.9128621103511
6,4,44.7540788791753
6,4,41.7801723588635
6,4,38.7919791065348
6,4,34.4284788026477
6,4,30.3183767921062
6,4,46.7057420911182
6,4,43.6480049516751
6,4,38.6892868814095
6,4,39.4302747010993
6,4,35.6155408542584
6,4,32.3493473551621
6,4,47.8117803420083
6,4,43.6163002313102
6,4,41.9074551681696
6,4,38.8092130763461
6,4,35.4921010330893
6,4,32.8099635185216
6,4,47.194593107648
6,4,45.4577341583431
6,4,40.3984548136023
6,4,39.238649745619
6,4,35.4731288720019
6,4,30.0346051737401
6,4,47.3514505430862
6,4,45.1199542651058
6,4,43.1610971530273
6,4,35.7286243527258
6,4,37.0882737932192
6,4,31.8811665250611
6,4,45.8894935564051
6,4,45.3140510762141
6,4,42.0398365867715
6,4,36.8583270280397
6,4,35.4359790401376
6,4,32.5167108959622
6,4,47.4886629144754
6,4,43.706446813208
6,4,40.3944635193245
6,4,37.5499283724194
6,4,36.0760694694956
6,4,33.5096734383362
6,4,45.5159695444364
6,4,44.5418197446575
6,4,40.6185029736462
6,4,39.3981638665356
6,4,33.4195189445655
6,4,31.1637821083223
6,4,48.6696004825546
6,4,42.8943086090975
6,4,39.1437823393936
6,4,40.7446410444001
6,4,35.7151056664471
6,4,31.3695346745709
6,4,48.8763310386869
6,4,43.9961803787833
6,4,41.5831034445314
6,4,39.3068516604327
6,4,35.0155719758723
6,4,31.5642490725179
6,4,46.6955562365398
6,4,45.2127485535132
6,4,40.8651470053994
6,4,37.2832253889274
6,4,35.161774266735
6,4,32.1304703865535
6,4,46.3237704892034
6,4,44.5372971866221
6,4,40.0954461174297
6,4,37.9443707866677
6,4,33.3295737533018
6,4,31.5423760335521
6,4,47.1795793536356
6,4,43.0211461826
6,4,42.2232517905217
6,4,38.8608954751401
6,4,34.866813576237
6,4,33.1995739728025
6,4,46.1952034056465
6,4,43.5860974629423
6,4,41.6396429922862
6,4,38.1299252182985
6,4,36.9328213377609
6,4,32.9515008611404
6,4,47.1960412258575
6,4,43.4115995941194
6,4,38.8804961879836
6,4,37.2639920848087
6,4,36.4678206812087
6,4,33.8579478451682
6,4,47.2655479839055
6,4,45.5280389403974
6,4,40.8601142457261
6,4,38.9485715670797
6,4,34.4307297415994
6,4,31.1125305522283
6,4,46.0800239087862
6,4,44.1380266454783
6,4,43.0171216000524
6,4,35.621160770967
6,4,37.7011988704546
6,4,31.7028189594064
6,4,45.9604036227636
6,4,43.6217750331909
6,4,41.8679772886183
6,4,37.4692175711402
6,4,35.0593770848207
6,4,31.7690130646863
6,4,47.4608384960097
6,4,45.6056049387958
6,4,40.8038069713304
6,4,38.7849410252251
6,4,34.2407644563697
6,4,33.2938816553078
6,4,47.0805637034558
6,4,45.7110653615003
6,4,41.0688616378416
6,4,38.1432307452789
6,4,34.9146799244054
6,4,33.2347771097103
6,4,48.1965663169827
6,4,43.968591479734
6,4,40.4711958893898
6,4,37.0405691295323
6,4,35.941868380171
6,4,32.4611067936339
6,4,47.4703253439562
6,4,45.3561380568735
6,4,41.786357640969
6,4,37.9039817587568
6,4,35.0940792781444
6,4,30.6145850731888
6,4,48.0371593130719
6,4,45.4905158348388
6,4,40.6593801582365
6,4,38.5380293802439
6,4,35.3884967205829
6,4,33.0537960845463
6,4,47.8962236148323
6,4,44.627063294405
6,4,39.5615197020386
6,4,38.5110282704632
6,4,35.7066118078933
6,4,33.3072992591774
6,4,47.5178022842991
6,4,43.590565113098
6,4,40.1672645006391
6,4,38.4442041524524
6,4,35.9728773732233
6,4,34.0757282496764
6,4,48.0128663499981
6,4,43.8548529195019
6,4,41.3166151746496
6,4,37.5018825775012
6,4,35.9353486578137
6,4,32.8796707142125
6,4,45.0151441594838
6,4,44.0461302684253
6,4,40.4350605759983
6,4,37.6238658925754
6,4,34.2102197405416
6,4,32.0273210780588
6,4,47.7477780717514
6,4,43.7096091123832
6,4,43.4640321118343
6,4,38.0290435100222
6,4,35.1304685636678
6,4,31.7337108800285
6,4,47.3061008517368
6,4,42.5934584938777
6,4,40.8727140209267
6,4,38.6912204539994
6,4,37.0158581785119
6,4,33.1536665529309
6,4,48.7261708887174
6,4,44.4790242835433
6,4,41.5203195729293
6,4,38.2243089950428
6,4,36.1070896080604
6,4,32.7050726747024
6,4,47.1552053601541
6,4,44.1125420078279
6,4,41.581838434901
6,4,39.6096398873259
6,4,36.6507029277449
6,4,33.2894629416139
6,4,47.4076204134752
6,4,44.518327655278
6,4,39.7395171983494
6,4,38.2287977369184
6,4,36.1256593544838
6,4,32.2744170605328
6,4,46.6288786580769
6,4,44.2554567028219
6,4,42.8370675447056
6,4,39.2350545677192
6,4,35.835676771256
6,4,33.352394206084
